hostname,OStype,"AIX_Machine_SerialNumber","AIX_virtualcpus","AIX_logicalcores","AIX_entitled","AIX_LEVEL","AIX_processor_mode","AIX_processor_clockspeed","AIX_cpu_type","AIX_kernel_type","AIX_plateform_firmware_level","AIX_PoolID","AIX_system_installed_CPUs","AIX_system_active_CPUs","AIX_PoolCPUs","AIX_memory_MB","AIX_pagingspace_MB","Linux_memory_MB","Linux_swap_MB","Linux_distribution","Linux_vendor","Linux_kernelversion","Solaris_version","Solaris_sunOS_version","Solaris_processor_clockspeed","Solaris_physical_memory_MB",Processor,"cpu_cores","nmon_version","uptime_seconds","uptime_duration","system_startup_date","reporting_date",OSversion,"Physical_mem_MB","Virtual_mem_MB"
GBH0005A,AIX,0604AF7,1,4,"0.10","6.1.9.16","POWER 7","3304 MHz","64-bit","64-bit","AM770_090",0,64,10,10,4096,4096,,,,Undeterminated,,,,,,"PowerPC_POWER7","1 / 4","TOPAS-NMON",14086800,"163+01:00:00","01/17/2016 23:00","06/19/2016 00:00","6.1.9.16",4096,4096
GEB00506,Solaris,,,"",,,,,,,,,,,,,,,,"                       Solaris 10 5/09 s10s_u7wos_08 SPARC",Undeterminated,,"Solaris 10 5/09 s10s_u7wos_08 SPARC","5.10","1165 MHz",32544,"UltraSPARC-T2+ ",128,"1.10 64-bit",,,,"06/19/2016 00:01","Solaris 10 5/09 s10s_u7wos_08 SPARC",32544,"N/A"
GPE00523,AIX,02D5665,4,8,"0.60","6.1.9.16","POWER 6","4208 MHz","64-bit","64-bit","EH350_149",0,64,64,64,4096,4096,,,,Undeterminated,,,,,,"PowerPC_POWER6","4 / 8","TOPAS-NMON",26787600,"310+01:00:00","08/24/2015 00:00","06/19/2016 00:00","6.1.9.16",4096,4096
GPH0003A,AIX,06FB02P,1,4,"0.10","6.1.9.16","POWER 7","3108 MHz","64-bit","64-bit","AM780_068",0,64,36,36,4096,4096,,,,Undeterminated,,,,,,"PowerPC_POWER7","1 / 4","TOPAS-NMON",43808400,"507+01:00:00","02/07/2015 23:00","06/19/2016 00:00","6.1.9.16",4096,4096
GPH00572,AIX,8373484,1,2,"0.40","6.1.9.16","POWER 6","4208 MHz","64-bit","64-bit","EH350_149",0,64,64,64,6144,1536,,,,Undeterminated,,,,,,"PowerPC_POWER6","1 / 2","TOPAS-NMON",41734800,"483+01:00:00","03/03/2015 23:00","06/19/2016 00:00","6.1.9.16",6144,1536
GPH00573,AIX,8373484,1,2,"0.40","6.1.9.16","POWER 6","4208 MHz","64-bit","64-bit","EH350_149",0,64,64,64,6144,1536,,,,Undeterminated,,,,,,"PowerPC_POWER6","1 / 2","TOPAS-NMON",41734800,"483+01:00:00","03/03/2015 23:00","06/19/2016 00:00","6.1.9.16",6144,1536
GPH03B01,AIX,650988C,2,4,"0.90","6.1.9.16","POWER 5","1654 MHz","64-bit","64-bit","SF240_418",0,16,12,12,3072,4096,,,,Undeterminated,,,,,,"PowerPC_POWER5","2 / 4","TOPAS-NMON",28688400,"332+01:00:00","08/02/2015 00:00","06/19/2016 00:00","6.1.9.16",3072,4096
GPY0EA01,Linux,,,"",,,,,,,,,,,,,,5849,512,"Red Hat Enterprise Linux Server release 6.1 (Santiago)",Undeterminated,"2.6",,,,,"Intel(R) Xeon(R) CPU           X5560  @ 2.80GHz",4,14g,22899600,"265+01:00:00","10/08/2015 00:00","06/25/2016 00:00","Red Hat Enterprise Linux Server release 6.1 (Santiago)",5849,512
GQE00551,AIX,65F4774,1,2,"0.10","6.1.9.16","POWER 6","4400 MHz","64-bit","64-bit","EM350_166",0,16,16,16,4096,4096,,,,Undeterminated,,,,,,"PowerPC_POWER6","1 / 2","TOPAS-NMON",46141200,"534+01:00:00","01/11/2015 23:00","06/19/2016 00:00","6.1.9.16",4096,4096
GRE09901,AIX,838DAC5,1,2,"0.10","6.1.9.16","POWER 6","4208 MHz","64-bit","64-bit","EH350_166",0,64,58,58,2048,1536,,,,Undeterminated,,,,,,"PowerPC_POWER6","1 / 2","TOPAS-NMON",3459600,"40+01:00:00","05/20/2016 00:00","06/19/2016 00:00","6.1.9.16",2048,1536
SBH0105B,AIX,8362892,2,4,"0.20","6.1.9.16","POWER 5","2102 MHz","64-bit","64-bit","SF240_417",0,64,8,8,4096,4096,,,,Undeterminated,,,,,,"PowerPC_POWER5","2 / 4",12e,,,,"06/19/2016 00:00","6.1.9.16",4096,4096
SBH0106B,AIX,8362892,1,2,"0.10","6.1.9.16","POWER 5","2102 MHz","64-bit","64-bit","SF240_417",0,64,8,8,4096,4096,,,,Undeterminated,,,,,,"PowerPC_POWER5","1 / 2",12e,,,,"06/19/2016 00:00","6.1.9.16",4096,4096
SBU01482,AIX,44G7116,1,2,"0.10","6.1.9.16","POWER 6","4208 MHz","64-bit","64-bit","EH350_149",0,64,31,31,2048,8704,,,,Undeterminated,,,,,,"PowerPC_POWER6","1 / 2","TOPAS-NMON",5792400,"67+01:00:00","04/23/2016 00:00","06/19/2016 00:00","6.1.9.16",2048,8704
SBU01H53,AIX,06E9A5T,1,4,"0.10","6.1.8.16","POWER 7","4424 MHz","64-bit","64-bit","AM780_071",3,64,30,1,6656,3584,,,,Undeterminated,,,,,,"PowerPC_POWER7","1 / 4","TOPAS-NMON",5792400,"67+01:00:00","04/23/2016 00:00","06/19/2016 00:00","6.1.8.16",6656,3584
SBU01V06,AIX,44G7116,1,2,"0.10","6.1.2.2","POWER 6","4208 MHz","64-bit","64-bit","EH350_149",1,64,31,14,,7168,,,,Undeterminated,,,,,,"PowerPC_POWER6","1 / 2","TOPAS-NMON",,,,"06/19/2016 00:00","6.1.2.2",,7168
SBU01V15,AIX,44G7116,1,2,"0.10","6.1.2.2","POWER 6","4208 MHz","64-bit","64-bit","EH350_149",1,64,31,14,,4096,,,,Undeterminated,,,,,,"PowerPC_POWER6","1 / 2","TOPAS-NMON",,,,"06/19/2016 00:00","6.1.2.2",,4096
SBU03E01,AIX,44G7116,8,16,"2.00","6.1.6.15","POWER 6","4208 MHz","64-bit","64-bit","EH350_149",1,64,31,14,8192,11264,,,,Undeterminated,,,,,,"PowerPC_POWER6","8 / 16","TOPAS-NMON",,,,"06/19/2016 00:00","6.1.6.15",8192,11264
SBU0QO22,AIX,44G7116,2,4,"0.20","6.1.6.15","POWER 6","4208 MHz","64-bit","64-bit","EH350_149",0,64,31,31,6144,2560,,,,Undeterminated,,,,,,"PowerPC_POWER6","2 / 4","TOPAS-NMON",,,,"06/19/2016 00:00","6.1.6.15",6144,2560
SBU0WA50,AIX,1084E0B,4,8,"0.40","6.1.5.4","POWER 5","1902 MHz","64-bit","64-bit","SF240_417",0,16,14,14,4096,512,,,,Undeterminated,,,,,,"PowerPC_POWER5","4 / 8","TOPAS-NMON",,,,"06/19/2016 00:00","6.1.5.4",4096,512
SBU0WMY3,AIX,8362892,1,2,"0.10","7.1.3.16","POWER 5","2102 MHz","64-bit","64-bit","SF240_417",0,64,8,8,2048,512,,,,Undeterminated,,,,,,"PowerPC_POWER5","1 / 2","TOPAS-NMON",36032400,"417+01:00:00","05/09/2015 00:00","06/19/2016 00:00","7.1.3.16",2048,512
SBU0XB99,AIX,06D93AP,7,28,"0.70","6.1.5.4","POWER 7","3108 MHz","64-bit","64-bit","AM780_068",0,64,58,58,12288,8192,,,,Undeterminated,,,,,,"PowerPC_POWER7","7 / 28","TOPAS-NMON",,,,"06/19/2016 00:00","6.1.5.4",12288,8192
SDA11V08,AIX,838DAC5,2,4,"0.20","6.1.2.2","POWER 6","4208 MHz","64-bit","64-bit","EH350_166",0,64,58,58,,20992,,,,Undeterminated,,,,,,"PowerPC_POWER6","2 / 4","TOPAS-NMON",,,,"06/19/2016 00:00","6.1.2.2",,20992
SDU01A04,AIX,83D5E8E,1,2,"0.10","6.1.5.4","POWER 5","2102 MHz","64-bit","64-bit","SF240_417",0,64,31,31,3072,4608,,,,Undeterminated,,,,,,"PowerPC_POWER5","1 / 2","TOPAS-NMON",,,,"06/19/2016 00:00","6.1.5.4",3072,4608
SDU01C4B,AIX,84333C6,4,8,"0.40","6.1.5.4","POWER 6","4208 MHz","64-bit","64-bit","EH350_166",0,64,35,35,10240,8704,,,,Undeterminated,,,,,,"PowerPC_POWER6","4 / 8","TOPAS-NMON",,,,"06/19/2016 00:00","6.1.5.4",10240,8704
SDU01C8A,AIX,84333C6,1,2,"0.10","6.1.5.4","POWER 6","4208 MHz","64-bit","64-bit","EH350_166",0,64,35,35,4096,8704,,,,Undeterminated,,,,,,"PowerPC_POWER6","1 / 2","TOPAS-NMON",,,,"06/19/2016 00:00","6.1.5.4",4096,8704
SDU01G43,AIX,83D5E8E,2,4,"0.20","6.1.9.16","POWER 5","2102 MHz","64-bit","64-bit","SF240_417",0,64,31,31,4095,5120,,,,Undeterminated,,,,,,"PowerPC_POWER5","2 / 4","TOPAS-NMON",33958800,"393+01:00:00","06/02/2015 00:00","06/19/2016 00:00","6.1.9.16",4095,5120
SDU0B904,AIX,214FF8V,2,8,"0.10","6.1.9.16","POWER 7","4424 MHz","64-bit","64-bit","AM780_071",0,64,56,56,8192,8704,,,,Undeterminated,,,,,,"PowerPC_POWER7","2 / 8","TOPAS-NMON",1213200,"14+01:00:00","06/15/2016 00:00","06/19/2016 00:00","6.1.9.16",8192,8704
SDU0Z035,AIX,214FF8V,2,8,"0.10","6.1.9.16","POWER 7","4424 MHz","64-bit","64-bit","AM780_071",0,64,56,56,3072,14336,,,,Undeterminated,,,,,,"PowerPC_POWER7","2 / 8","TOPAS-NMON",,,,"06/19/2016 00:00","6.1.9.16",3072,14336
SDU0Z054,AIX,214FF8V,2,8,"0.10","6.1.9.16","POWER 7","4424 MHz","64-bit","64-bit","AM780_071",0,64,56,56,5120,7168,,,,Undeterminated,,,,,,"PowerPC_POWER7","2 / 8","TOPAS-NMON",,,,"06/19/2016 00:00","6.1.9.16",5120,7168
SDU1WMC5,AIX,214FF8V,1,4,"0.10","6.1.9.16","POWER 7","4424 MHz","64-bit","64-bit","AM780_071",0,64,56,56,4096,4608,,,,Undeterminated,,,,,,"PowerPC_POWER7","1 / 4","TOPAS-NMON",15814800,"183+01:00:00","12/28/2015 23:00","06/19/2016 00:00","6.1.9.16",4096,4608
SDU1Z023,AIX,214FF8V,1,4,"0.05","6.1.9.16","POWER 7","4424 MHz","64-bit","64-bit","AM780_071",0,64,56,56,4096,6656,,,,Undeterminated,,,,,,"PowerPC_POWER7","1 / 4","TOPAS-NMON",,,,"06/19/2016 00:00","6.1.9.16",4096,6656
SEU02B08,AIX,219840V,4,16,"0.40","6.1.9.16","POWER 7","4424 MHz","64-bit","64-bit","AM780_071",0,64,58,58,10240,7680,,,,Undeterminated,,,,,,"PowerPC_POWER7","4 / 16","TOPAS-NMON",3978000,"46+01:00:00","05/14/2016 00:00","06/19/2016 00:00","6.1.9.16",10240,7680
SPA00A07,AIX,06E9B1T,2,8,"1.00","6.1.8.16","POWER 7","4424 MHz","64-bit","64-bit","AM780_071",0,64,28,28,10240,8704,,,,Undeterminated,,,,,,"PowerPC_POWER7","2 / 8","TOPAS-NMON",2941200,"34+01:00:00","05/26/2016 00:00","06/19/2016 00:00","6.1.8.16",10240,8704
SPA00G43,AIX,06D939P,1,4,"0.20","6.1.5.4","POWER 7","3108 MHz","64-bit","64-bit","AM780_068",1,64,58,30,5120,8704,,,,Undeterminated,,,,,,"PowerPC_POWER7","1 / 4","TOPAS-NMON",,,,"06/19/2016 00:00","6.1.5.4",5120,8704
SPA00K41,AIX,06D939P,1,4,"0.10","6.1.5.4","POWER 7","3108 MHz","64-bit","64-bit","AM780_068",1,64,58,30,5120,8704,,,,Undeterminated,,,,,,"PowerPC_POWER7","1 / 4","TOPAS-NMON",,,,"06/19/2016 00:00","6.1.5.4",5120,8704
SPA01A01,AIX,06E9B2T,2,8,"1.00","6.1.8.16","POWER 7","4424 MHz","64-bit","64-bit","AM780_071",0,64,28,28,10240,8704,,,,Undeterminated,,,,,,"PowerPC_POWER7","2 / 8","TOPAS-NMON",2941200,"34+01:00:00","05/26/2016 00:00","06/19/2016 00:00","6.1.8.16",10240,8704
SPA01A03,AIX,06E9B2T,2,8,"1.00","6.1.8.16","POWER 7","4424 MHz","64-bit","64-bit","AM780_071",0,64,28,28,10240,8704,,,,Undeterminated,,,,,,"PowerPC_POWER7","2 / 8","TOPAS-NMON",2941200,"34+01:00:00","05/26/2016 00:00","06/19/2016 00:00","6.1.8.16",10240,8704
SPA01G23,AIX,06D93AP,1,4,"0.10","6.1.5.4","POWER 7","3108 MHz","64-bit","64-bit","AM780_068",0,64,58,58,5120,8704,,,,Undeterminated,,,,,,"PowerPC_POWER7","1 / 4","TOPAS-NMON",,,,"06/19/2016 00:00","6.1.5.4",5120,8704
SPA01K23,AIX,06D93AP,1,4,"0.10","6.1.5.4","POWER 7","3108 MHz","64-bit","64-bit","AM780_068",0,64,58,58,5120,8704,,,,Undeterminated,,,,,,"PowerPC_POWER7","1 / 4","TOPAS-NMON",,,,"06/19/2016 00:00","6.1.5.4",5120,8704
SPA02F02,AIX,0640D4P,10,40,"2.00","6.1.6.15","POWER 7","3108 MHz","64-bit","64-bit","AM780_068",0,64,44,44,8192,4096,,,,Undeterminated,,,,,,"PowerPC_POWER7","10 / 40","TOPAS-NMON",,,,"06/19/2016 00:00","6.1.6.15",8192,4096
SPA0AH02,AIX,219840V,1,4,"0.10","6.1.9.16","POWER 7","4424 MHz","64-bit","64-bit","AM780_071",0,64,58,58,1024,8704,,,,Undeterminated,,,,,,"PowerPC_POWER7","1 / 4","TOPAS-NMON",15469200,"179+01:00:00","01/01/2016 23:00","06/19/2016 00:00","6.1.9.16",1024,8704
SPH0004A,AIX,834B35F,5,10,"0.50","6.1.9.16","POWER 5","2102 MHz","64-bit","64-bit","SF240_358",0,64,30,30,4096,4096,,,,Undeterminated,,,,,,"PowerPC_POWER5","5 / 10",12e,,,,"06/19/2016 00:00","6.1.9.16",4096,4096
SPH0008B,AIX,833FEFF,5,10,"0.50","6.1.9.16","POWER 5","2102 MHz","64-bit","64-bit","SF240_418",0,64,60,60,4096,4096,,,,Undeterminated,,,,,,"PowerPC_POWER5","5 / 10",12e,,,,"06/19/2016 00:00","6.1.9.16",4096,4096
SPH0026A,AIX,519F392,1,2,"0.10","6.1.9.16","POWER 6","4208 MHz","64-bit","64-bit","EH350_166",0,64,50,50,4096,4096,,,,Undeterminated,,,,,,"PowerPC_POWER6","1 / 2",12e,,,,"06/19/2016 00:00","6.1.9.16",4096,4096
SPH0031B,AIX,519EDB2,1,2,"0.10","6.1.9.16","POWER 6","4208 MHz","64-bit","64-bit","EH350_149",0,64,50,50,4096,4096,,,,Undeterminated,,,,,,"PowerPC_POWER6","1 / 2",12e,,,,"06/19/2016 00:00","6.1.9.16",4096,4096
SPH0043A,AIX,65905CC,1,2,"0.10","6.1.9.16","POWER 6","4208 MHz","64-bit","64-bit","EH350_166",0,64,58,58,4095,4096,,,,Undeterminated,,,,,,"PowerPC_POWER6","1 / 2",12e,,,,"06/19/2016 00:00","6.1.9.16",4095,4096
SPH0052A,AIX,65638EP,1,4,"0.10","6.1.9.16","POWER 7","3108 MHz","64-bit","64-bit","AM780_068",0,64,56,56,4096,4096,,,,Undeterminated,,,,,,"PowerPC_POWER7","1 / 4","TOPAS-NMON",5187600,"60+01:00:00","04/30/2016 00:00","06/19/2016 00:00","6.1.9.16",4096,4096
SPH0065A,AIX,06D939P,1,4,"0.60","6.1.9.16","POWER 7","3108 MHz","64-bit","64-bit","AM780_068",0,64,58,58,4096,4096,,,,Undeterminated,,,,,,"PowerPC_POWER7","1 / 4","TOPAS-NMON",22986000,"266+01:00:00","10/07/2015 00:00","06/19/2016 00:00","6.1.9.16",4096,4096
SPH0067A,AIX,06D939P,1,4,"0.10","6.1.9.16","POWER 7","3108 MHz","64-bit","64-bit","AM780_068",0,64,58,58,4096,4096,,,,Undeterminated,,,,,,"PowerPC_POWER7","1 / 4","TOPAS-NMON",22986000,"266+01:00:00","10/07/2015 00:00","06/19/2016 00:00","6.1.9.16",4096,4096
SPH0074A,AIX,06FAFDP,1,4,"0.10","6.1.9.16","POWER 7","3108 MHz","64-bit","64-bit","AM780_068",0,64,20,20,4096,4608,,,,Undeterminated,,,,,,"PowerPC_POWER7","1 / 4","TOPAS-NMON",33008400,"382+01:00:00","06/13/2015 00:00","06/19/2016 00:00","6.1.9.16",4096,4608
SPH0074B,AIX,06FAFDP,1,4,"0.10","6.1.9.16","POWER 7","3108 MHz","64-bit","64-bit","AM780_068",0,64,20,20,4096,4352,,,,Undeterminated,,,,,,"PowerPC_POWER7","1 / 4","TOPAS-NMON",32317200,"374+01:00:00","06/21/2015 00:00","06/19/2016 00:00","6.1.9.16",4096,4352
SPH0076A,AIX,06FAFCP,1,4,"0.10","6.1.9.16","POWER 7","3108 MHz","64-bit","64-bit","AM780_071",0,64,20,20,4096,4096,,,,Undeterminated,,,,,,"PowerPC_POWER7","1 / 4","TOPAS-NMON",5187600,"60+01:00:00","04/30/2016 00:00","06/19/2016 00:00","6.1.9.16",4096,4096
SPH0082B,AIX,06E9B1T,2,8,"0.20","6.1.9.16","POWER 7","4424 MHz","64-bit","64-bit","AM780_071",0,64,28,28,4096,4096,,,,Undeterminated,,,,,,"PowerPC_POWER7","2 / 8","TOPAS-NMON",5101200,"59+01:00:00","05/01/2016 00:00","06/19/2016 00:00","6.1.9.16",4096,4096
SPH0089A,AIX,06E9A6T,1,4,"0.10","6.1.9.16","POWER 7","4424 MHz","64-bit","64-bit","AM780_071",0,64,24,24,4096,4096,,,,Undeterminated,,,,,,"PowerPC_POWER7","1 / 4","TOPAS-NMON",5187600,"60+01:00:00","04/30/2016 00:00","06/19/2016 00:00","6.1.9.16",4096,4096
SPH0093A,AIX,219840V,1,4,"0.10","6.1.9.16","POWER 7","4424 MHz","64-bit","64-bit","AM780_071",0,64,58,58,4096,4096,,,,Undeterminated,,,,,,"PowerPC_POWER7","1 / 4","TOPAS-NMON",20221200,"234+01:00:00","11/07/2015 23:00","06/19/2016 00:00","6.1.9.16",4096,4096
SPH0101B,AIX,219836V,1,4,"0.10","6.1.9.16","POWER 7","4424 MHz","64-bit","64-bit","AM780_071",0,64,58,58,4096,4096,,,,Undeterminated,,,,,,"PowerPC_POWER7","1 / 4","TOPAS-NMON",12272400,"142+01:00:00","02/07/2016 23:00","06/19/2016 00:00","6.1.9.16",4096,4096
SPH0103A,AIX,06E9B1T,1,4,"0.20","6.1.9.16","POWER 7","4424 MHz","64-bit","64-bit","AM780_071",0,64,28,28,4096,4096,,,,Undeterminated,,,,,,"PowerPC_POWER7","1 / 4","TOPAS-NMON",5101200,"59+01:00:00","05/01/2016 00:00","06/19/2016 00:00","6.1.9.16",4096,4096
SPH1QV01,AIX,101866P,2,8,"0.50","6.1.9.16","POWER 7","3108 MHz","64-bit","64-bit","AM780_068",0,64,39,39,4096,4096,,,,Undeterminated,,,,,,"PowerPC_POWER7","2 / 8","TOPAS-NMON",3459600,"40+01:00:00","05/20/2016 00:00","06/19/2016 00:00","6.1.9.16",4096,4096
SPU00498,AIX,833BA34,1,2,"0.10","6.1.9.16","POWER 6","4208 MHz","64-bit","64-bit","EH350_149",0,64,64,64,3072,8704,,,,Undeterminated,,,,,,"PowerPC_POWER6","1 / 2","TOPAS-NMON",26355600,"305+01:00:00","08/29/2015 00:00","06/19/2016 00:00","6.1.9.16",3072,8704
SPU00A16,AIX,06E9B1T,2,8,"0.60","6.1.8.16","POWER 7","4424 MHz","64-bit","64-bit","AM780_071",0,64,28,28,4096,8704,,,,Undeterminated,,,,,,"PowerPC_POWER7","2 / 8","TOPAS-NMON",2941200,"34+01:00:00","05/26/2016 00:00","06/19/2016 00:00","6.1.8.16",4096,8704
SPU00A26,AIX,06E9B1T,2,8,"0.20","6.1.9.16","POWER 7","4424 MHz","64-bit","64-bit","AM780_071",0,64,28,28,2048,8704,,,,Undeterminated,,,,,,"PowerPC_POWER7","2 / 8","TOPAS-NMON",3546000,"41+01:00:00","05/19/2016 00:00","06/19/2016 00:00","6.1.9.16",2048,8704
SPU00A49,AIX,06E9B1T,2,8,"0.20","6.1.9.16","POWER 7","4424 MHz","64-bit","64-bit","AM780_071",0,64,28,28,,8704,,,,Undeterminated,,,,,,"PowerPC_POWER7","2 / 8",12e,,,,"06/19/2016 00:00","6.1.9.16",,8704
SPU00C4C,AIX,219840V,1,4,"1.00","6.1.9.16","POWER 7","4424 MHz","64-bit","64-bit","AM780_071",0,64,58,58,12288,8704,,,,Undeterminated,,,,,,"PowerPC_POWER7","1 / 4","TOPAS-NMON",14086800,"163+01:00:00","01/17/2016 23:00","06/19/2016 00:00","6.1.9.16",12288,8704
SPU00C4G,AIX,06D939P,1,4,"0.10","6.1.5.4","POWER 7","3108 MHz","64-bit","64-bit","AM780_068",1,64,58,30,38912,8704,,,,Undeterminated,,,,,,"PowerPC_POWER7","1 / 4","TOPAS-NMON",,,,"06/19/2016 00:00","6.1.5.4",38912,8704
SPU00C4K,AIX,06D939P,3,12,"1.70","6.1.5.4","POWER 7","3108 MHz","64-bit","64-bit","AM780_068",1,64,58,30,54272,11776,,,,Undeterminated,,,,,,"PowerPC_POWER7","3 / 12","TOPAS-NMON",,,,"06/19/2016 00:00","6.1.5.4",54272,11776
SPU00C4R,AIX,06D939P,2,8,"1.20","6.1.5.4","POWER 7","3108 MHz","64-bit","64-bit","AM780_068",1,64,58,30,14336,8704,,,,Undeterminated,,,,,,"PowerPC_POWER7","2 / 8","TOPAS-NMON",,,,"06/19/2016 00:00","6.1.5.4",14336,8704
SPU00C4S,AIX,06D939P,2,8,"1.20","6.1.5.4","POWER 7","3108 MHz","64-bit","64-bit","AM780_068",1,64,58,30,14336,8704,,,,Undeterminated,,,,,,"PowerPC_POWER7","2 / 8","TOPAS-NMON",,,,"06/19/2016 00:00","6.1.5.4",14336,8704
SPU00CB2,AIX,219840V,4,16,"1.00","6.1.9.16","POWER 7","4424 MHz","64-bit","64-bit","AM780_071",0,64,58,58,11264,8704,,,,Undeterminated,,,,,,"PowerPC_POWER7","4 / 16","TOPAS-NMON",15987600,"185+01:00:00","12/26/2015 23:00","06/19/2016 00:00","6.1.9.16",11264,8704
SPU00G45,AIX,219840V,1,4,"0.10","6.1.9.16","POWER 7","4424 MHz","64-bit","64-bit","AM780_071",0,64,58,58,4096,4608,,,,Undeterminated,,,,,,"PowerPC_POWER7","1 / 4","TOPAS-NMON",15987600,"185+01:00:00","12/26/2015 23:00","06/19/2016 00:00","6.1.9.16",4096,4608
SPU00H31,AIX,06E9A6T,1,4,"0.10","6.1.8.16","POWER 7","4424 MHz","64-bit","64-bit","AM780_071",0,64,24,24,3072,8704,,,,Undeterminated,,,,,,"PowerPC_POWER7","1 / 4","TOPAS-NMON",15642000,"181+01:00:00","12/30/2015 23:00","06/19/2016 00:00","6.1.8.16",3072,8704
SPU00J21,AIX,519EDB2,1,2,"0.10","6.1.9.16","POWER 6","4208 MHz","64-bit","64-bit","EH350_149",0,64,50,50,2048,4608,,,,Undeterminated,,,,,,"PowerPC_POWER6","1 / 2",12e,,,,"06/19/2016 00:00","6.1.9.16",2048,4608
SPU00K23,AIX,219840V,1,4,"0.10","6.1.9.16","POWER 7","4424 MHz","64-bit","64-bit","AM780_071",0,64,58,58,2048,8704,,,,Undeterminated,,,,,,"PowerPC_POWER7","1 / 4","TOPAS-NMON",17802000,"206+01:00:00","12/05/2015 23:00","06/19/2016 00:00","6.1.9.16",2048,8704
SPU00K53,AIX,219840V,1,4,"0.10","6.1.9.16","POWER 7","4424 MHz","64-bit","64-bit","AM780_071",0,64,58,58,5120,8704,,,,Undeterminated,,,,,,"PowerPC_POWER7","1 / 4","TOPAS-NMON",17802000,"206+01:00:00","12/05/2015 23:00","06/19/2016 00:00","6.1.9.16",5120,8704
SPU00N23,AIX,219840V,1,4,"0.10","6.1.9.16","POWER 7","4424 MHz","64-bit","64-bit","AM780_071",0,64,58,58,3072,12800,,,,Undeterminated,,,,,,"PowerPC_POWER7","1 / 4","TOPAS-NMON",15296400,"177+01:00:00","01/03/2016 23:00","06/19/2016 00:00","6.1.9.16",3072,12800
SPU00N40,AIX,219840V,2,8,"0.20","6.1.9.16","POWER 7","4424 MHz","64-bit","64-bit","AM780_071",0,64,58,58,10240,6656,,,,Undeterminated,,,,,,"PowerPC_POWER7","2 / 8","TOPAS-NMON",15296400,"177+01:00:00","01/03/2016 23:00","06/19/2016 00:00","6.1.9.16",10240,6656
SPU00N82,AIX,219840V,1,4,"0.10","6.1.9.16","POWER 7","4424 MHz","64-bit","64-bit","AM780_071",0,64,58,58,10240,6656,,,,Undeterminated,,,,,,"PowerPC_POWER7","1 / 4","TOPAS-NMON",15296400,"177+01:00:00","01/03/2016 23:00","06/19/2016 00:00","6.1.9.16",10240,6656
SPU00Q2A,AIX,65638EP,2,8,"0.20","6.1.5.4","POWER 7","3108 MHz","64-bit","64-bit","AM780_068",0,64,56,56,3072,8704,,,,Undeterminated,,,,,,"PowerPC_POWER7","2 / 8","TOPAS-NMON",,,,"06/19/2016 00:00","6.1.5.4",3072,8704
SPU00Q43,AIX,519EDB2,9,18,"1.20","6.1.2.2","POWER 6","4208 MHz","64-bit","64-bit","EH350_149",0,64,50,50,34816,18432,,,,Undeterminated,,,,,,"PowerPC_POWER6","9 / 18",12e,,,,"06/19/2016 00:00","6.1.2.2",34816,18432
SPU00Q46,AIX,519EDB2,7,14,"1.00","6.1.2.2","POWER 6","4208 MHz","64-bit","64-bit","EH350_149",0,64,50,50,13824,8704,,,,Undeterminated,,,,,,"PowerPC_POWER6","7 / 14",12e,,,,"06/19/2016 00:00","6.1.2.2",13824,8704
SPU00V05,AIX,833BA34,2,4,"0.20","6.1.2.2","POWER 6","4208 MHz","64-bit","64-bit","EH350_149",1,64,64,33,,10240,,,,Undeterminated,,,,,,"PowerPC_POWER6","2 / 4","TOPAS-NMON",,,,"06/19/2016 00:00","6.1.2.2",,10240
SPU00V10,AIX,833BA34,3,6,"0.30","6.1.2.2","POWER 6","4208 MHz","64-bit","64-bit","EH350_149",1,64,64,33,,16384,,,,Undeterminated,,,,,,"PowerPC_POWER6","3 / 6","TOPAS-NMON",,,,"06/19/2016 00:00","6.1.2.2",,16384
SPU01A17,AIX,06E9B2T,2,8,"0.60","6.1.8.16","POWER 7","4424 MHz","64-bit","64-bit","AM780_071",0,64,28,28,4096,8704,,,,Undeterminated,,,,,,"PowerPC_POWER7","2 / 8","TOPAS-NMON",2941200,"34+01:00:00","05/26/2016 00:00","06/19/2016 00:00","6.1.8.16",4096,8704
SPU01A22,AIX,06D93AP,1,2,"0.10","6.1.2.8","POWER 6","3108 MHz","64-bit","64-bit","AM780_068",0,64,58,58,2048,8704,,,,Undeterminated,,,,,,"PowerPC_POWER7","1 / 2","TOPAS-NMON",,,,"06/19/2016 00:00","6.1.2.8",2048,8704
SPU01A29,AIX,06E9B2T,2,8,"0.20","6.1.9.16","POWER 7","4424 MHz","64-bit","64-bit","AM780_071",0,64,28,28,,8704,,,,Undeterminated,,,,,,"PowerPC_POWER7","2 / 8",12e,,,,"06/19/2016 00:00","6.1.9.16",,8704
SPU01A90,AIX,06E9B2T,1,4,"0.10","6.1.8.16","POWER 7","4424 MHz","64-bit","64-bit","AM780_071",0,64,28,28,3072,8704,,,,Undeterminated,,,,,,"PowerPC_POWER7","1 / 4","TOPAS-NMON",4410000,"51+01:00:00","05/09/2016 00:00","06/19/2016 00:00","6.1.8.16",3072,8704
SPU01C22,AIX,219836V,1,4,"0.10","6.1.9.16","POWER 7","4424 MHz","64-bit","64-bit","AM780_071",0,64,58,58,2048,4608,,,,Undeterminated,,,,,,"PowerPC_POWER7","1 / 4","TOPAS-NMON",4410000,"51+01:00:00","05/09/2016 00:00","06/19/2016 00:00","6.1.9.16",2048,4608
SPU01C2M,AIX,06D93AP,2,8,"1.00","6.1.5.4","POWER 7","3108 MHz","64-bit","64-bit","AM780_068",0,64,58,58,1536,8704,,,,Undeterminated,,,,,,"PowerPC_POWER7","2 / 8","TOPAS-NMON",,,,"06/19/2016 00:00","6.1.5.4",1536,8704
SPU01C2O,AIX,06D93AP,1,4,"0.10","6.1.5.4","POWER 7","3108 MHz","64-bit","64-bit","AM780_068",0,64,58,58,2048,8704,,,,Undeterminated,,,,,,"PowerPC_POWER7","1 / 4","TOPAS-NMON",,,,"06/19/2016 00:00","6.1.5.4",2048,8704
SPU01C47,AIX,219836V,2,8,"0.40","6.1.9.16","POWER 7","4424 MHz","64-bit","64-bit","AM780_071",0,64,58,58,9216,4608,,,,Undeterminated,,,,,,"PowerPC_POWER7","2 / 8","TOPAS-NMON",4410000,"51+01:00:00","05/09/2016 00:00","06/19/2016 00:00","6.1.9.16",9216,4608
SPU01C4A,AIX,219836V,1,4,"1.00","6.1.9.16","POWER 7","4424 MHz","64-bit","64-bit","AM780_071",0,64,58,58,8192,8704,,,,Undeterminated,,,,,,"PowerPC_POWER7","1 / 4","TOPAS-NMON",4410000,"51+01:00:00","05/09/2016 00:00","06/19/2016 00:00","6.1.9.16",8192,8704
SPU01C4Q,AIX,06D93AP,2,8,"1.20","6.1.5.4","POWER 7","3108 MHz","64-bit","64-bit","AM780_068",1,64,58,30,14336,8704,,,,Undeterminated,,,,,,"PowerPC_POWER7","2 / 8","TOPAS-NMON",,,,"06/19/2016 00:00","6.1.5.4",14336,8704
SPU01C4U,AIX,06D93AP,1,4,"0.20","6.1.5.4","POWER 7","3108 MHz","64-bit","64-bit","AM780_068",1,64,58,30,6144,8704,,,,Undeterminated,,,,,,"PowerPC_POWER7","1 / 4","TOPAS-NMON",,,,"06/19/2016 00:00","6.1.5.4",6144,8704
SPU01C57,AIX,219836V,1,4,"0.10","6.1.9.16","POWER 7","4424 MHz","64-bit","64-bit","AM780_071",0,64,58,58,10240,4608,,,,Undeterminated,,,,,,"PowerPC_POWER7","1 / 4","TOPAS-NMON",4410000,"51+01:00:00","05/09/2016 00:00","06/19/2016 00:00","6.1.9.16",10240,4608
SPU01C70,AIX,219836V,3,12,"0.30","6.1.9.16","POWER 7","4424 MHz","64-bit","64-bit","AM780_071",0,64,58,58,6144,4608,,,,Undeterminated,,,,,,"PowerPC_POWER7","3 / 12","TOPAS-NMON",4410000,"51+01:00:00","05/09/2016 00:00","06/19/2016 00:00","6.1.9.16",6144,4608
SPU01C73,AIX,219836V,3,12,"0.30","6.1.9.16","POWER 7","4424 MHz","64-bit","64-bit","AM780_071",0,64,58,58,6144,4608,,,,Undeterminated,,,,,,"PowerPC_POWER7","3 / 12","TOPAS-NMON",4410000,"51+01:00:00","05/09/2016 00:00","06/19/2016 00:00","6.1.9.16",6144,4608
SPU01C77,AIX,219836V,1,4,"0.10","6.1.9.16","POWER 7","4424 MHz","64-bit","64-bit","AM780_071",0,64,58,58,13312,4608,,,,Undeterminated,,,,,,"PowerPC_POWER7","1 / 4","TOPAS-NMON",4410000,"51+01:00:00","05/09/2016 00:00","06/19/2016 00:00","6.1.9.16",13312,4608
SPU01C78,AIX,219836V,1,4,"0.10","6.1.9.16","POWER 7","4424 MHz","64-bit","64-bit","AM780_071",0,64,58,58,8192,4608,,,,Undeterminated,,,,,,"PowerPC_POWER7","1 / 4","TOPAS-NMON",4410000,"51+01:00:00","05/09/2016 00:00","06/19/2016 00:00","6.1.9.16",8192,4608
SPU01C84,AIX,219836V,1,4,"0.10","6.1.9.16","POWER 7","4424 MHz","64-bit","64-bit","AM780_071",0,64,58,58,6144,4608,,,,Undeterminated,,,,,,"PowerPC_POWER7","1 / 4","TOPAS-NMON",4410000,"51+01:00:00","05/09/2016 00:00","06/19/2016 00:00","6.1.9.16",6144,4608
SPU01C8B,AIX,219836V,1,4,"0.10","6.1.9.16","POWER 7","4424 MHz","64-bit","64-bit","AM780_071",0,64,58,58,2048,8704,,,,Undeterminated,,,,,,"PowerPC_POWER7","1 / 4","TOPAS-NMON",4410000,"51+01:00:00","05/09/2016 00:00","06/19/2016 00:00","6.1.9.16",2048,8704
SPU01CB5,AIX,219836V,4,16,"0.60","6.1.9.16","POWER 7","4424 MHz","64-bit","64-bit","AM780_071",0,64,58,58,6144,8704,,,,Undeterminated,,,,,,"PowerPC_POWER7","4 / 16","TOPAS-NMON",4410000,"51+01:00:00","05/09/2016 00:00","06/19/2016 00:00","6.1.9.16",6144,8704
SPU01G51,AIX,219836V,1,4,"0.10","6.1.9.16","POWER 7","4424 MHz","64-bit","64-bit","AM780_071",0,64,58,58,4096,4608,,,,Undeterminated,,,,,,"PowerPC_POWER7","1 / 4","TOPAS-NMON",4410000,"51+01:00:00","05/09/2016 00:00","06/19/2016 00:00","6.1.9.16",4096,4608
SPU01I2A,AIX,519F392,3,6,"0.30","6.1.2.2","POWER 6","4208 MHz","64-bit","64-bit","EH350_166",0,64,50,50,3072,8704,,,,Undeterminated,,,,,,"PowerPC_POWER6","3 / 6",12e,,,,"06/19/2016 00:00","6.1.2.2",3072,8704
SPU01I2C,AIX,519F392,3,6,"0.30","6.1.2.2","POWER 6","4208 MHz","64-bit","64-bit","EH350_166",0,64,50,50,3072,8704,,,,Undeterminated,,,,,,"PowerPC_POWER6","3 / 6",12e,,,,"06/19/2016 00:00","6.1.2.2",3072,8704
SPU01I2L,AIX,65638FP,2,8,"0.20","6.1.5.4","POWER 7","3108 MHz","64-bit","64-bit","AM780_068",0,64,56,56,3072,8704,,,,Undeterminated,,,,,,"PowerPC_POWER7","2 / 8","TOPAS-NMON",,,,"06/19/2016 00:00","6.1.5.4",3072,8704
SPU01I45,AIX,519F392,1,2,"0.20","6.1.2.2","POWER 6","4208 MHz","64-bit","64-bit","EH350_166",0,64,50,50,8192,4608,,,,Undeterminated,,,,,,"PowerPC_POWER6","1 / 2",12e,,,,"06/19/2016 00:00","6.1.2.2",8192,4608
SPU01J42,AIX,519F392,1,2,"0.10","6.1.5.4","POWER 6","4208 MHz","64-bit","64-bit","EH350_166",0,64,50,50,5632,8704,,,,Undeterminated,,,,,,"PowerPC_POWER6","1 / 2",12e,,,,"06/19/2016 00:00","6.1.5.4",5632,8704
SPU01K07,AIX,65905CC,1,2,"0.10","6.1.9.16","POWER 6","4208 MHz","64-bit","64-bit","EH350_166",0,64,58,58,3072,4608,,,,Undeterminated,,,,,,"PowerPC_POWER6","1 / 2","TOPAS-NMON",2941200,"34+01:00:00","05/26/2016 00:00","06/19/2016 00:00","6.1.9.16",3072,4608
SPU01K20,AIX,219836V,1,4,"0.10","6.1.9.16","POWER 7","4424 MHz","64-bit","64-bit","AM780_071",0,64,58,58,2048,8704,,,,Undeterminated,,,,,,"PowerPC_POWER7","1 / 4","TOPAS-NMON",4410000,"51+01:00:00","05/09/2016 00:00","06/19/2016 00:00","6.1.9.16",2048,8704
SPU01K44,AIX,219836V,1,4,"0.10","6.1.9.16","POWER 7","4424 MHz","64-bit","64-bit","AM780_071",0,64,58,58,4096,4608,,,,Undeterminated,,,,,,"PowerPC_POWER7","1 / 4","TOPAS-NMON",4410000,"51+01:00:00","05/09/2016 00:00","06/19/2016 00:00","6.1.9.16",4096,4608
SPU01K45,AIX,219836V,1,4,"0.10","6.1.9.16","POWER 7","4424 MHz","64-bit","64-bit","AM780_071",0,64,58,58,4096,4608,,,,Undeterminated,,,,,,"PowerPC_POWER7","1 / 4","TOPAS-NMON",4410000,"51+01:00:00","05/09/2016 00:00","06/19/2016 00:00","6.1.9.16",4096,4608
SPU01K52,AIX,219836V,1,4,"0.10","6.1.9.16","POWER 7","4424 MHz","64-bit","64-bit","AM780_071",0,64,58,58,5120,8704,,,,Undeterminated,,,,,,"PowerPC_POWER7","1 / 4","TOPAS-NMON",4410000,"51+01:00:00","05/09/2016 00:00","06/19/2016 00:00","6.1.9.16",5120,8704
SPU01N44,AIX,219836V,1,4,"0.10","6.1.9.16","POWER 7","4424 MHz","64-bit","64-bit","AM780_071",0,64,58,58,5120,12800,,,,Undeterminated,,,,,,"PowerPC_POWER7","1 / 4","TOPAS-NMON",4410000,"51+01:00:00","05/09/2016 00:00","06/19/2016 00:00","6.1.9.16",5120,12800
SPU01N49,AIX,219836V,2,8,"0.20","6.1.9.16","POWER 7","4424 MHz","64-bit","64-bit","AM780_071",0,64,58,58,10240,12800,,,,Undeterminated,,,,,,"PowerPC_POWER7","2 / 8","TOPAS-NMON",4410000,"51+01:00:00","05/09/2016 00:00","06/19/2016 00:00","6.1.9.16",10240,12800
SPU02E01,AIX,833BA34,18,36,"7.00","6.1.6.15","POWER 6","4208 MHz","64-bit","64-bit","EH350_149",1,64,64,33,69631,10752,,,,Undeterminated,,,,,,"PowerPC_POWER6","18 / 36","TOPAS-NMON",,,,"06/25/2016 00:00","6.1.6.15",69631,10752
SPU02G21,AIX,219840V,1,4,"0.10","6.1.9.16","POWER 7","4424 MHz","64-bit","64-bit","AM780_071",0,64,58,58,2048,7680,,,,Undeterminated,,,,,,"PowerPC_POWER7","1 / 4","TOPAS-NMON",6829200,"79+01:00:00","04/11/2016 00:00","06/19/2016 00:00","6.1.9.16",2048,7680
SPU02G23,AIX,219840V,1,4,"0.30","6.1.9.16","POWER 7","4424 MHz","64-bit","64-bit","AM780_071",0,64,58,58,4096,8960,,,,Undeterminated,,,,,,"PowerPC_POWER7","1 / 4","TOPAS-NMON",1386000,"16+01:00:00","06/13/2016 00:00","06/19/2016 00:00","6.1.9.16",4096,8960
SPU02J80,AIX,65638EP,2,8,"0.40","6.1.5.4","POWER 7","3108 MHz","64-bit","64-bit","AM780_068",1,64,56,20,4096,8704,,,,Undeterminated,,,,,,"PowerPC_POWER7","2 / 8","TOPAS-NMON",,,,"06/19/2016 00:00","6.1.5.4",4096,8704
SPU02L40,AIX,06D939P,1,4,"0.30","6.1.5.4","POWER 7","3108 MHz","64-bit","64-bit","AM780_068",1,64,58,30,12288,3840,,,,Undeterminated,,,,,,"PowerPC_POWER7","1 / 4","TOPAS-NMON",,,,"06/19/2016 00:00","6.1.5.4",12288,3840
SPU02L42,AIX,06D939P,1,4,"0.30","6.1.6.15","POWER 7","3108 MHz","64-bit","64-bit","AM780_068",1,64,58,30,12288,3840,,,,Undeterminated,,,,,,"PowerPC_POWER7","1 / 4","TOPAS-NMON",,,,"06/19/2016 00:00","6.1.6.15",12288,3840
SPU03J40,AIX,65638FP,2,8,"0.20","6.1.5.4","POWER 7","3108 MHz","64-bit","64-bit","AM780_068",1,64,56,20,5632,8704,,,,Undeterminated,,,,,,"PowerPC_POWER7","2 / 8","TOPAS-NMON",,,,"06/19/2016 00:00","6.1.5.4",5632,8704
SPU03L21,AIX,06D93AP,1,4,"0.10","6.1.5.4","POWER 7","3108 MHz","64-bit","64-bit","AM780_068",0,64,58,58,2048,3584,,,,Undeterminated,,,,,,"PowerPC_POWER7","1 / 4","TOPAS-NMON",,,,"06/19/2016 00:00","6.1.5.4",2048,3584
SPU0AQ01,AIX,834B35F,3,6,"0.30","6.1.9.16","POWER 5","2102 MHz","64-bit","64-bit","SF240_358",0,64,30,30,8192,8192,,,,Undeterminated,,,,,,"PowerPC_POWER5","3 / 6",12e,,,,"06/19/2016 00:00","6.1.9.16",8192,8192
SPU0B801,AIX,834B35F,1,2,"0.10","5.3.0.69",,"2102 MHz","64-bit","64-bit","SF240_358",0,64,30,30,10240,4608,,,,Undeterminated,,,,,,"PowerPC_POWER5","1 / 2",v11e,,,,"06/19/2016 00:00","5.3.0.69",10240,4608
SPU0DM01,Solaris,,,"",,,,,,,,,,,,,,,,"                   Oracle Solaris 10 1/13 s10s_u11wos_24a SPARC",Undeterminated,,"Oracle Solaris 10 1/13 s10s_u11wos_24a SPARC","5.10","2520 MHz",98304,"SPARC64-VII ",24,"1.10 64-bit",,,,"06/25/2016 00:01","Oracle Solaris 10 1/13 s10s_u11wos_24a SPARC",98304,"N/A"
SPU0DM05,Solaris,,,"",,,,,,,,,,,,,,,,"                   Oracle Solaris 10 1/13 s10s_u11wos_24a SPARC",Undeterminated,,"Oracle Solaris 10 1/13 s10s_u11wos_24a SPARC","5.10","2520 MHz",65536,"SPARC64-VII ",16,"1.10 64-bit",,,,"06/25/2016 00:01","Oracle Solaris 10 1/13 s10s_u11wos_24a SPARC",65536,"N/A"
SPU0LA01,AIX,219840V,1,4,"0.20","6.1.9.16","POWER 7","4424 MHz","64-bit","64-bit","AM780_071",0,64,58,58,4096,8704,,,,Undeterminated,,,,,,"PowerPC_POWER7","1 / 4","TOPAS-NMON",4582800,"53+01:00:00","05/07/2016 00:00","06/19/2016 00:00","6.1.9.16",4096,8704
SPU0M101,AIX,833BA34,4,8,"0.40","6.1.5.4","POWER 6","4208 MHz","64-bit","64-bit","EH350_149",0,64,64,64,16384,25088,,,,Undeterminated,,,,,,"PowerPC_POWER6","4 / 8","TOPAS-NMON",,,,"06/19/2016 00:00","6.1.5.4",16384,25088
SPU0SW04,AIX,21983CV,2,8,"1.00","7.1.2.16","POWER 7","4424 MHz","64-bit","64-bit","AM780_068",0,64,6,6,8192,10240,,,,Undeterminated,,,,,,"PowerPC_POWER7","2 / 8","TOPAS-NMON",3027600,"35+01:00:00","05/25/2016 00:00","06/19/2016 00:00","7.1.2.16",8192,10240
SPU0W903,AIX,65638EP,1,4,"0.10","6.1.5.4","POWER 7","3108 MHz","64-bit","64-bit","AM780_068",0,64,56,56,4096,512,,,,Undeterminated,,,,,,"PowerPC_POWER7","1 / 4","TOPAS-NMON",,,,"06/19/2016 00:00","6.1.5.4",4096,512
SPU0WA35,AIX,1084E0B,4,8,"1.50","6.1.5.4","POWER 5","1902 MHz","64-bit","64-bit","SF240_417",0,16,14,14,10240,10240,,,,Undeterminated,,,,,,"PowerPC_POWER5","4 / 8","TOPAS-NMON",,,,"06/19/2016 00:00","6.1.5.4",10240,10240
SPU0WA51,AIX,1084E0B,2,4,"0.20","6.1.5.4","POWER 5","1902 MHz","64-bit","64-bit","SF240_417",0,16,14,14,4096,512,,,,Undeterminated,,,,,,"PowerPC_POWER5","2 / 4","TOPAS-NMON",,,,"06/19/2016 00:00","6.1.5.4",4096,512
SPU0WMZ2,AIX,519F392,3,6,"0.50","6.1.9.16","POWER 6","4208 MHz","64-bit","64-bit","EH350_166",0,64,50,50,2048,4096,,,,Undeterminated,,,,,,"PowerPC_POWER6","3 / 6","TOPAS-NMON",2768400,"32+01:00:00","05/28/2016 00:00","06/19/2016 00:00","6.1.9.16",2048,4096
SPU0WMZ9,AIX,1084EBB,2,4,"0.20","7.1.3.16","POWER 5","1902 MHz","64-bit","64-bit","SF240_418",0,16,14,14,4096,11776,,,,Undeterminated,,,,,,"PowerPC_POWER5","2 / 4","TOPAS-NMON",29725200,"344+01:00:00","07/21/2015 00:00","06/19/2016 00:00","7.1.3.16",4096,11776
SPU0WMZA,AIX,1084E0B,2,4,"0.20","7.1.3.16","POWER 5","1902 MHz","64-bit","64-bit","SF240_417",0,16,14,14,4096,17408,,,,Undeterminated,,,,,,"PowerPC_POWER5","2 / 4","TOPAS-NMON",18406800,"213+01:00:00","11/28/2015 23:00","06/19/2016 00:00","7.1.3.16",4096,17408
SPU0WR01,AIX,1084EBB,2,4,"0.20","6.1.5.4","POWER 5","1902 MHz","64-bit","64-bit","SF240_418",0,16,14,14,4096,2560,,,,Undeterminated,,,,,,"PowerPC_POWER5","2 / 4","TOPAS-NMON",,,,"06/19/2016 00:00","6.1.5.4",4096,2560
SPU0XA01,AIX,06D939P,4,16,"0.50","6.1.9.16","POWER 7","3108 MHz","64-bit","64-bit","AM780_068",0,64,58,58,17408,8192,,,,Undeterminated,,,,,,"PowerPC_POWER7","4 / 16","TOPAS-NMON",,,,"06/19/2016 00:00","6.1.9.16",17408,8192
SPU0XA02,AIX,06D93AP,4,16,"0.50","6.1.5.4","POWER 7","3108 MHz","64-bit","64-bit","AM780_068",0,64,58,58,17408,8192,,,,Undeterminated,,,,,,"PowerPC_POWER7","4 / 16","TOPAS-NMON",,,,"06/19/2016 00:00","6.1.5.4",17408,8192
SPY02P10,Linux,,,"",,,,,,,,,,,,,,7873,512,"Red Hat Enterprise Linux Server release 6.3 (Santiago)",Undeterminated,"2.6",,,,,"Intel(R) Xeon(R) CPU E5-2620 0 @ 2.00GHz",2,14g,1558800,"18+01:00:00","06/11/2016 00:00","06/25/2016 00:00","Red Hat Enterprise Linux Server release 6.3 (Santiago)",7873,512
SPY04EB3,Linux,,,"",,,,,,,,,,,,,,3825,2048,"OpenShift Enterprise 2.2.6",Undeterminated,"2.6",,,,,"Intel(R) Xeon(R) CPU E5-2680 v3 @ 2.50GHz",2,14i,5187600,"60+01:00:00","04/30/2016 00:00","06/19/2016 00:00","OpenShift Enterprise 2.2.6",3825,2048
SPY04EN0,Linux,,,"",,,,,,,,,,,,,,3825,2048,"Red Hat Enterprise Linux Server release 6.6 (Santiago)",Undeterminated,"2.6",,,,,"Intel(R) Xeon(R) CPU E5-2680 v3 @ 2.50GHz",2,14i,5187600,"60+01:00:00","04/30/2016 00:00","06/19/2016 00:00","Red Hat Enterprise Linux Server release 6.6 (Santiago)",3825,2048
SPY05EC2,Linux,,,"",,,,,,,,,,,,,,15944,2048,"Red Hat Enterprise Linux Server release 6.6 (Santiago)",Undeterminated,"2.6",,,,,"Intel(R) Xeon(R) CPU E5-2680 v3 @ 2.50GHz",8,14i,8125200,"94+01:00:00","03/26/2016 23:00","06/19/2016 00:00","Red Hat Enterprise Linux Server release 6.6 (Santiago)",15944,2048
SQA0AH06,AIX,84333C6,1,2,"0.10","6.1.5.4","POWER 6","4208 MHz","64-bit","64-bit","EH350_166",0,64,35,35,2048,8704,,,,Undeterminated,,,,,,"PowerPC_POWER6","1 / 2","TOPAS-NMON",,,,"06/19/2016 00:00","6.1.5.4",2048,8704
SQH0003A,AIX,83D5E8E,1,2,"0.10","6.1.9.16","POWER 5","2102 MHz","64-bit","64-bit","SF240_417",0,64,31,31,3072,4096,,,,Undeterminated,,,,,,"PowerPC_POWER5","1 / 2","TOPAS-NMON",40698000,"471+01:00:00","03/15/2015 23:00","06/19/2016 00:00","6.1.9.16",3072,4096
SQH0005B,AIX,83D5E8E,1,2,"0.10","6.1.9.16","POWER 5","2102 MHz","64-bit","64-bit","SF240_417",0,64,31,31,3072,4096,,,,Undeterminated,,,,,,"PowerPC_POWER5","1 / 2","TOPAS-NMON",22813200,"264+01:00:00","10/09/2015 00:00","06/19/2016 00:00","6.1.9.16",3072,4096
SQU01A21,AIX,83D5E8E,1,2,"0.10","6.1.9.16","POWER 5","2102 MHz","64-bit","64-bit","SF240_417",0,64,31,31,2048,4608,,,,Undeterminated,,,,,,"PowerPC_POWER5","1 / 2","TOPAS-NMON",34304400,"397+01:00:00","05/29/2015 00:00","06/19/2016 00:00","6.1.9.16",2048,4608
SQU01A42,AIX,83D5E8E,1,2,"0.10","6.1.9.16","POWER 5","2102 MHz","64-bit","64-bit","SF240_417",0,64,31,31,2048,4608,,,,Undeterminated,,,,,,"PowerPC_POWER5","1 / 2","TOPAS-NMON",34304400,"397+01:00:00","05/29/2015 00:00","06/19/2016 00:00","6.1.9.16",2048,4608
SQU01C4A,AIX,84333C6,1,2,"0.10","6.1.5.4","POWER 6","4208 MHz","64-bit","64-bit","EH350_166",0,64,35,35,10240,9728,,,,Undeterminated,,,,,,"PowerPC_POWER6","1 / 2","TOPAS-NMON",,,,"06/19/2016 00:00","6.1.5.4",10240,9728
SQU01C57,AIX,519F3C2,1,2,"0.10","6.1.2.2","POWER 6","4208 MHz","64-bit","64-bit","EH350_166",5,64,48,12,,4608,,,,Undeterminated,,,,,,"PowerPC_POWER6","1 / 2","TOPAS-NMON",,,,"06/19/2016 00:00","6.1.2.2",,4608
SQU01G47,AIX,83D5E8E,1,2,"0.10","6.1.9.16","POWER 5","2102 MHz","64-bit","64-bit","SF240_417",0,64,31,31,2048,4608,,,,Undeterminated,,,,,,"PowerPC_POWER5","1 / 2","TOPAS-NMON",37933200,"439+01:00:00","04/17/2015 00:00","06/19/2016 00:00","6.1.9.16",2048,4608
SQU01H51,AIX,84333C6,1,2,"0.10","6.1.8.16","POWER 6","4208 MHz","64-bit","64-bit","EH350_166",3,64,35,1,5120,3584,,,,Undeterminated,,,,,,"PowerPC_POWER6","1 / 2","TOPAS-NMON",50288400,"582+01:00:00","11/24/2014 23:00","06/19/2016 00:00","6.1.8.16",5120,3584
SQU01H53,AIX,84333C6,1,2,"0.10","6.1.8.16","POWER 6","4208 MHz","64-bit","64-bit","EH350_166",3,64,35,1,5120,3584,,,,Undeterminated,,,,,,"PowerPC_POWER6","1 / 2","TOPAS-NMON",50288400,"582+01:00:00","11/24/2014 23:00","06/19/2016 00:00","6.1.8.16",5120,3584
SQU01I44,AIX,84333C6,1,2,"0.10","6.1.2.2","POWER 6","4208 MHz","64-bit","64-bit","EH350_166",0,64,35,35,,4608,,,,Undeterminated,,,,,,"PowerPC_POWER6","1 / 2","TOPAS-NMON",,,,"06/19/2016 00:00","6.1.2.2",,4608
SQU01I47,AIX,84333C6,1,2,"0.10","6.1.5.4","POWER 6","4208 MHz","64-bit","64-bit","EH350_166",0,64,35,35,4096,8704,,,,Undeterminated,,,,,,"PowerPC_POWER6","1 / 2","TOPAS-NMON",,,,"06/19/2016 00:00","6.1.5.4",4096,8704
SQU01J20,AIX,84333C6,1,2,"0.10","6.1.9.16","POWER 6","4208 MHz","64-bit","64-bit","EH350_166",0,64,35,35,2048,4608,,,,Undeterminated,,,,,,"PowerPC_POWER6","1 / 2","TOPAS-NMON",10458000,"121+01:00:00","02/28/2016 23:00","06/19/2016 00:00","6.1.9.16",2048,4608
SQU01Q44,AIX,84333C6,1,2,"0.10","6.1.5.4","POWER 6","4208 MHz","64-bit","64-bit","EH350_166",0,64,35,35,3072,8704,,,,Undeterminated,,,,,,"PowerPC_POWER6","1 / 2","TOPAS-NMON",,,,"06/19/2016 00:00","6.1.5.4",3072,8704
SQU0XA02,AIX,83D5E8E,2,4,"0.20","6.1.5.4","POWER 5","2102 MHz","64-bit","64-bit","SF240_417",0,64,31,31,6144,4096,,,,Undeterminated,,,,,,"PowerPC_POWER5","2 / 4","TOPAS-NMON",,,,"06/19/2016 00:00","6.1.5.4",6144,4096
amrl2103,Linux,,2,"","0.29",,,,,,,0,,175,159,,,31966,4096,"SUSE Linux Enterprise Server 11 (ppc64)","SUSE LINUX","3.0",,,,,"IBM,9119-MHE (arch: ppc64)","2 / 16",16e,,,,"06/25/2016 21:50","SUSE Linux Enterprise Server 11 (ppc64)",31966,4096
gba00505,AIX,0604B07,2,8,"0.20","6.1.6.15","POWER 7","3304 MHz","64-bit","64-bit","AM770_098",0,64,13,13,6144,6144,,,,Undeterminated,,,,,,"PowerPC_POWER7","2 / 8","TOPAS-NMON",,,,"06/19/2016 00:00","6.1.6.15",6144,6144
gbaa0534,AIX,0604B07,2,8,"0.20","6.1.6.15","POWER 7","3304 MHz","64-bit","64-bit","AM770_098",0,64,13,13,8192,6144,,,,Undeterminated,,,,,,"PowerPC_POWER7","2 / 8","TOPAS-NMON",,,,"06/19/2016 00:00","6.1.6.15",8192,6144
gbaa0536,AIX,0604AF7,4,16,"0.50","6.1.6.15","POWER 7","3304 MHz","64-bit","64-bit","AM770_090",0,64,10,10,8192,6144,,,,Undeterminated,,,,,,"PowerPC_POWER7","4 / 16","TOPAS-NMON",,,,"06/19/2016 00:00","6.1.6.15",8192,6144
gbaa0669,AIX,0604B07,2,8,"0.20","6.1.6.15","POWER 7","3304 MHz","64-bit","64-bit","AM770_098",1,64,13,11,32768,6144,,,,Undeterminated,,,,,,"PowerPC_POWER7","2 / 8","TOPAS-NMON",,,,"06/19/2016 00:00","6.1.6.15",32768,6144
gpa00511,AIX,65724C4,5,10,"0.80","6.1.9.16","POWER 6","4400 MHz","64-bit","64-bit","EM350_149",2,16,16,4,20480,6144,,,,Undeterminated,,,,,,"PowerPC_POWER6","5 / 10",12e,,,,"06/19/2016 00:00","6.1.9.16",20480,6144
gpa00543,AIX,65724C4,2,4,"0.50","6.1.6.15","POWER 6","4400 MHz","64-bit","64-bit","EM350_149",2,16,16,4,12288,1920,,,,Undeterminated,,,,,,"PowerPC_POWER6","2 / 4",12e,,,,"06/19/2016 00:00","6.1.6.15",12288,1920
gpa00550,AIX,8373484,17,34,"10.00","6.1.8.16","POWER 6","4208 MHz","64-bit","64-bit","EH350_149",0,64,64,64,112640,61440,,,,Undeterminated,,,,,,"PowerPC_POWER6","17 / 34",12e,,,,"06/25/2016 00:00","6.1.8.16",112640,61440
gpa00556,AIX,8373484,10,20,"4.00","6.1.8.16","POWER 6","4208 MHz","64-bit","64-bit","EH350_149",0,64,64,64,51200,45184,,,,Undeterminated,,,,,,"PowerPC_POWER6","10 / 20",12e,,,,"06/19/2016 00:00","6.1.8.16",51200,45184
gpa00652,AIX,83F9645,10,20,"2.00","6.1.6.15","POWER 6","4208 MHz","64-bit","64-bit","EH350_149",0,64,64,64,65536,49152,,,,Undeterminated,,,,,,"PowerPC_POWER6","10 / 20",12e,,,,"06/19/2016 00:00","6.1.6.15",65536,49152
gpa00653,AIX,83F9645,10,20,"2.00","6.1.6.15","POWER 6","4208 MHz","64-bit","64-bit","EH350_149",0,64,64,64,65536,49152,,,,Undeterminated,,,,,,"PowerPC_POWER6","10 / 20",12e,,,,"06/19/2016 00:00","6.1.6.15",65536,49152
gpa00677,AIX,83F9645,4,8,"0.40","6.1.6.15","POWER 6","4208 MHz","64-bit","64-bit","EH350_149",0,64,64,64,16384,12288,,,,Undeterminated,,,,,,"PowerPC_POWER6","4 / 8",12e,,,,"06/19/2016 00:00","6.1.6.15",16384,12288
gpa00680,AIX,83F9645,2,4,"0.20","6.1.6.15","POWER 6","4208 MHz","64-bit","64-bit","EH350_149",0,64,64,64,6144,6144,,,,Undeterminated,,,,,,"PowerPC_POWER6","2 / 4",12e,,,,"06/19/2016 00:00","6.1.6.15",6144,6144
gpa00693,AIX,21983DV,5,20,"0.80","6.1.9.16","POWER 7","4424 MHz","64-bit","64-bit","AM780_068",0,64,32,32,8192,6144,,,,Undeterminated,,,,,,"PowerPC_POWER7","5 / 20","TOPAS-NMON",9853200,"114+01:00:00","03/06/2016 23:00","06/19/2016 00:00","6.1.9.16",8192,6144
gpa00695,AIX,06FB02P,2,8,"0.20","6.1.6.15","POWER 7","3108 MHz","64-bit","64-bit","AM780_068",0,64,36,36,8192,6144,,,,Undeterminated,,,,,,"PowerPC_POWER7","2 / 8","TOPAS-NMON",,,,"06/19/2016 00:00","6.1.6.15",8192,6144
gpa00705,AIX,06FB02P,4,16,"0.70","6.1.6.15","POWER 7","3108 MHz","64-bit","64-bit","AM780_068",0,64,36,36,6144,3328,,,,Undeterminated,,,,,,"PowerPC_POWER7","4 / 16","TOPAS-NMON",,,,"06/19/2016 00:00","6.1.6.15",6144,3328
gpa00706,AIX,06FB02P,4,16,"0.70","6.1.6.15","POWER 7","3108 MHz","64-bit","64-bit","AM780_068",0,64,36,36,6144,3328,,,,Undeterminated,,,,,,"PowerPC_POWER7","4 / 16","TOPAS-NMON",,,,"06/19/2016 00:00","6.1.6.15",6144,3328
gpa00737,AIX,21983DV,4,16,"0.50","6.1.9.16","POWER 7","4424 MHz","64-bit","64-bit","AM780_068",0,64,32,32,8192,3328,,,,Undeterminated,,,,,,"PowerPC_POWER7","4 / 16","TOPAS-NMON",9853200,"114+01:00:00","03/06/2016 23:00","06/19/2016 00:00","6.1.9.16",8192,3328
gpa00746,AIX,65041D6,2,4,"0.20","6.1.6.15","POWER 6","4400 MHz","64-bit","64-bit","EM350_149",0,16,16,16,8192,3328,,,,Undeterminated,,,,,,"PowerPC_POWER6","2 / 4",12e,,,,"06/19/2016 00:00","6.1.6.15",8192,3328
gpa00751,AIX,84041E6,2,4,"0.20","6.1.6.15","POWER 6","4208 MHz","64-bit","64-bit","EH350_149",0,64,64,64,6144,6144,,,,Undeterminated,,,,,,"PowerPC_POWER6","2 / 4",12e,,,,"06/19/2016 00:00","6.1.6.15",6144,6144
gpa00761,AIX,84041E6,2,4,"0.20","6.1.6.15","POWER 6","4208 MHz","64-bit","64-bit","EH350_149",0,64,64,64,6144,6144,,,,Undeterminated,,,,,,"PowerPC_POWER6","2 / 4",12e,,,,"06/19/2016 00:00","6.1.6.15",6144,6144
gpa00789,AIX,06FB02P,2,8,"0.20","6.1.6.15","POWER 7","3108 MHz","64-bit","64-bit","AM780_068",1,64,36,17,6144,3328,,,,Undeterminated,,,,,,"PowerPC_POWER7","2 / 8","TOPAS-NMON",,,,"06/19/2016 00:00","6.1.6.15",6144,3328
gpa00819,AIX,65041D6,5,10,"1.00","6.1.7.16","POWER 6","4400 MHz","64-bit","64-bit","EM350_149",2,16,16,4,20480,6144,,,,Undeterminated,,,,,,"PowerPC_POWER6","5 / 10","TOPAS-NMON",4064400,"47+01:00:00","05/13/2016 00:00","06/19/2016 00:00","6.1.7.16",20480,6144
gpa00835,AIX,83F9645,2,4,"0.20","6.1.6.15","POWER 6","4208 MHz","64-bit","64-bit","EH350_149",0,64,64,64,6144,6144,,,,Undeterminated,,,,,,"PowerPC_POWER6","2 / 4","TOPAS-NMON",,,,"06/19/2016 00:00","6.1.6.15",6144,6144
gpa03b01,AIX,0604AF7,2,8,"0.40","6.1.6.15","POWER 7","3304 MHz","64-bit","64-bit","AM770_090",0,64,10,10,6144,6144,,,,Undeterminated,,,,,,"PowerPC_POWER7","2 / 8","TOPAS-NMON",,,,"06/19/2016 00:00","6.1.6.15",6144,6144
gpa0ya46,AIX,06FB02P,8,32,"3.00","6.1.6.15","POWER 7","3108 MHz","64-bit","64-bit","AM780_068",1,64,36,17,55296,10240,,,,Undeterminated,,,,,,"PowerPC_POWER7","8 / 32","TOPAS-NMON",,,,"06/19/2016 00:00","6.1.6.15",55296,10240
gpa0ya80,AIX,06FB02P,1,4,"0.10","6.1.6.15","POWER 7","3108 MHz","64-bit","64-bit","AM780_068",1,64,36,17,4096,6144,,,,Undeterminated,,,,,,"PowerPC_POWER7","1 / 4","TOPAS-NMON",,,,"06/19/2016 00:00","6.1.6.15",4096,6144
gpa0ya81,AIX,06FB00P,1,4,"0.10","6.1.6.15","POWER 7","3108 MHz","64-bit","64-bit","AM780_068",1,64,36,11,4096,6144,,,,Undeterminated,,,,,,"PowerPC_POWER7","1 / 4","TOPAS-NMON",,,,"06/19/2016 00:00","6.1.6.15",4096,6144
gqa00747,AIX,8373484,3,6,"0.30","6.1.8.16","POWER 6","4208 MHz","64-bit","64-bit","EH350_149",1,64,64,10,51200,34688,,,,Undeterminated,,,,,,"PowerPC_POWER6","3 / 6",12e,,,,"06/19/2016 00:00","6.1.8.16",51200,34688
gqa00838,AIX,65F4774,1,2,"0.10","6.1.6.15","POWER 6","4400 MHz","64-bit","64-bit","EM350_166",0,16,16,16,3072,1920,,,,Undeterminated,,,,,,"PowerPC_POWER6","1 / 2","TOPAS-NMON",,,,"06/19/2016 00:05","6.1.6.15",3072,1920
gqa00846,AIX,65F4774,1,2,"0.10","6.1.6.15","POWER 6","4400 MHz","64-bit","64-bit","EM350_166",0,16,16,16,3072,1920,,,,Undeterminated,,,,,,"PowerPC_POWER6","1 / 2","TOPAS-NMON",,,,"06/19/2016 00:05","6.1.6.15",3072,1920
gqa01102,AIX,65F4774,1,2,"0.10","6.1.6.15","POWER 6","4400 MHz","64-bit","64-bit","EM350_166",0,16,16,16,3072,1920,,,,Undeterminated,,,,,,"PowerPC_POWER6","1 / 2","TOPAS-NMON",,,,"06/19/2016 00:07","6.1.6.15",3072,1920
"guilhem-UX52VS",Linux,,,"",,,,,,,,,,,,,,9886,4999,"Ubuntu 16.04 LTS",Ubuntu,"4.4",,,,,"GenuineIntel (arch: x86_64)",4,16e,177720,"2+01:22:00","06/26/2016 23:38","06/28/2016 23:38","Ubuntu 16.04 LTS",9886,4999
lnxtest1,Linux,,,"",,,,,,,,,,,,,,2001,128,"Red Hat Enterprise Linux Server release 6.6 (Santiago)",RedHatEnterpriseServer,"2.6",,,,,"IBM/S390 (arch: s390x)",2,16d,893160,"10+08:06:00","06/18/2016 16:54","06/25/2016 16:54","Red Hat Enterprise Linux Server release 6.6 (Santiago)",2001,128
sba03390,AIX,06FB01P,3,12,"0.30","6.1.5.4","POWER 7","3108 MHz","64-bit","64-bit","AM780_068",0,64,20,20,8192,4608,,,,Undeterminated,,,,,,"PowerPC_POWER7","3 / 12","TOPAS-NMON",,,,"06/19/2016 00:00","6.1.5.4",8192,4608
sbu0b803,AIX,8362892,1,2,"0.10","5.3.0.69",,"2102 MHz","64-bit","64-bit","SF240_417",0,64,8,8,5632,3072,,,,Undeterminated,,,,,,"PowerPC_POWER5","1 / 2",v11e,,,,"06/19/2016 00:00","5.3.0.69",5632,3072
sma0qtf0,AIX,214FF8V,2,8,"0.10","7.1.3.16","POWER 7","4424 MHz","64-bit","64-bit","AM780_071",0,64,56,56,16384,9472,,,,Undeterminated,,,,,,"PowerPC_POWER7","2 / 8","TOPAS-NMON",12272400,"142+01:00:00","02/07/2016 23:00","06/19/2016 00:00","7.1.3.16",16384,9472
spa0gf01,AIX,06FAFCP,1,4,"0.10","6.1.6.15","POWER 7","3108 MHz","64-bit","64-bit","AM780_071",1,64,20,12,6144,4608,,,,Undeterminated,,,,,,"PowerPC_POWER7","1 / 4","TOPAS-NMON",,,,"06/19/2016 00:00","6.1.6.15",6144,4608
spu03d07,AIX,101866P,10,40,"1.00","7.1.3.16","POWER 7","3108 MHz","64-bit","64-bit","AM780_068",0,64,39,39,30720,7680,,,,Undeterminated,,,,,,"PowerPC_POWER7","10 / 40","TOPAS-NMON",8989200,"104+01:00:00","03/16/2016 23:00","06/19/2016 00:00","7.1.3.16",30720,7680
spu03d09,AIX,101866P,10,40,"1.00","7.1.3.16","POWER 7","3108 MHz","64-bit","64-bit","AM780_068",0,64,39,39,40960,7680,,,,Undeterminated,,,,,,"PowerPC_POWER7","10 / 40","TOPAS-NMON",8989200,"104+01:00:00","03/16/2016 23:00","06/19/2016 00:00","7.1.3.16",40960,7680
spu0qs32,AIX,0631F87,2,8,"2.00","6.1.7.2","POWER 7","3304 MHz","64-bit","64-bit","AM770_109","N/A",64,31,"N/A",46080,15360,,,,Undeterminated,,,,,,"PowerPC_POWER7","2 / 8","TOPAS-NMON",58237200,"674+01:00:00","08/25/2014 00:00","06/19/2016 00:00","6.1.7.2",46080,15360
spu0qv01,AIX,0640D4P,10,40,"1.30","7.1.3.16","POWER 7","3108 MHz","64-bit","64-bit","AM780_068",0,64,44,44,40960,7680,,,,Undeterminated,,,,,,"PowerPC_POWER7","10 / 40","TOPAS-NMON",10544400,"122+01:00:00","02/27/2016 23:00","06/19/2016 00:00","7.1.3.16",40960,7680
spu0qv15,AIX,101866P,10,40,"1.00","7.1.3.16","POWER 7","3108 MHz","64-bit","64-bit","AM780_068",0,64,39,39,20480,7680,,,,Undeterminated,,,,,,"PowerPC_POWER7","10 / 40","TOPAS-NMON",8989200,"104+01:00:00","03/16/2016 23:00","06/19/2016 00:00","7.1.3.16",20480,7680
sqa05f02,AIX,21C0D6V,1,4,"0.10","7.1.3.16","POWER 7","4424 MHz","64-bit","64-bit","AM780_071",1,64,22,10,8192,4096,,,,Undeterminated,,,,,,"PowerPC_POWER7","1 / 4","TOPAS-NMON",5878800,"68+01:00:00","04/22/2016 00:00","06/19/2016 00:00","7.1.3.16",8192,4096
sqa0rz01,AIX,84333C6,1,2,"0.10","6.1.5.4","POWER 6","4208 MHz","64-bit","64-bit","EH350_166",2,64,35,12,2048,4608,,,,Undeterminated,,,,,,"PowerPC_POWER6","1 / 2","TOPAS-NMON",,,,"06/19/2016 00:00","6.1.5.4",2048,4608
